id,user_id,category_id,title,content,status,view_count,created_at,updated_at,deadline_at
2,1010,7,マッチングアプリで会った人と、2回目のデートに進むべき？,"<p>最近、マッチングアプリで同い年の男性と知り合い、先日初めて会ってきました。</p>

<p>プロフィールやメッセージのやりとりでは、趣味も合うし、話も面白くて、すごく期待していたんです。実際に会ってみても、写真通りの爽やかな人で、会話も弾んで、2時間があっという間でした。</p>

<p>でも、正直に言うと、恋愛対象として「キュン」とする感じはあまりなくて…。すごく良い人だとは思うんですが、友達の延長線上という感覚が強いです。</p>

<p>彼からは「また会いたい」と言われているのですが、このまま2回目に進むべきか悩んでいます。</p>

<p>1回目でピンとこなくても、何度か会っているうちに好きになることもあるのでしょうか？<br>
それとも、早めに見切りをつけて、次の人を探した方がいいのでしょうか？</p>

<p>皆さんの経験談を聞かせてください。</p>

【追記】2026年2月17日
引き続き、宜しくです。",published,0,2026-02-15 18:00:00+00,2026-02-17 08:47:41.796+00,2026-02-15 20:50:00+00
109088,1009,14,夫婦のコミュニケーションは足りてますか？,"夫婦のコミュニケーションは足りてますか？<br />
<br />
<br />
夫婦の時間を十分に取れないことってありますよね。子どものせいで時間が取れないのはいいわけでしょうか？積極的にとろうと思っていないだけだったり。<br />
",published,0,2025-07-07 23:53:22+00,2025-11-24 07:02:21+00,
104809,1009,2,結婚相手の条件で一番重要なのは何ですか？,"<p>結婚相手の条件で一番重要なのは何ですか？</p>
<p>この前、飲み会で「学歴や身長が低い男はまず恋愛対象にならない」と言い切っている女友達がいました。<br />
<br />
彼女曰く、「子どもへの遺伝を考えると、いわゆるハイスペックな優良遺伝子がほしい」のだそうです。<br />
<br />
私は、一緒にいて気が合うとか、好きな趣味が一致していることのほうが大切だと思うのですが…。皆さんはどう思われますか？</p>",published,0,2025-05-08 03:17:06+00,2025-11-26 04:38:08+00,
119870,1006,7,彼の年収は私の4倍なのに、デート代はいつも割り勘…どう思う？,"私の彼は、デート代をいつもきっちり割り勘にします。<br />
初デートのときも、彼から「ドライブにいこう」と誘われました。水族館へ行き、夜景がきれいなレストランで食事をたのしんだ後、帰りの車のなかで彼から「今日は1万円ちょうだい」といわれました。<br />

最初は何のことだかわからず、「…え？」と戸惑っていると、「今日かかったお金だよ？」といわれ、ハッとしました。でもトータルで考えても、一人1万もいっていない気がしたので、「けっこうかかったね～」というと、「うん、車ででかけたからね」とガソリン代まで請求されました。<br />

私は派遣社員で年収200万。一人暮らしをしているので、経済状況はかなり苦しいです。<br />
一方、彼は大きな会社に勤めており、住まいは社宅。年収も800万を超えていると聞きました。<br />

決して「男性は女性に奢るべき」と思っているわけではないのですが、どちらかの収入が低かったり、自由に使えるお金に差があるなら、余裕があるほうが多く払ってもいいのでは…と思ってしまいました。（全額奢りでなくても、６：４とか）<br />

皆さんならこういう彼氏、どう思いますか？<br />
「彼が冷たい」と思ってしまう私の考えがおかしいのでしょうか…。<br />
客観的なご意見をお聞きしたいです。<br />
",published,0,2025-04-13 08:11:00+00,2025-11-14 07:58:27+00,
105154,1004,14,配偶者に妥協しても問題なかったことは次のうちどれですか？,<p>この前、飲み会で「学歴や身長が低い男はまず恋愛対象にならない」と言い切っている女友達がいました。彼女曰く、「子どもへの遺伝を考えると、いわゆるハイスペックな優良遺伝子がほしい」のだそうです。皆さんはどう思われますか？</p>,published,0,2025-05-12 09:53:01+00,2025-11-26 04:38:35+00,
108525,1004,2,顔がタイプじゃない相手も恋愛対象になりますか？,"<p>顔がタイプじゃない相手も恋愛対象になりますか？<br />
婚活アプリで知り合って、3カ月。連絡はほぼ毎日とっていて、これまで3回ほどデートをした彼がいます。どうなんですかね？男女で意見も違ってくるかもしれないですが。</p>",published,0,2025-06-30 02:26:26+00,2025-11-26 04:37:06+00,
108574,1008,18,彼の変わった性癖を受け入れられる？,"<p>お付き合いして1年半の彼氏がいます。彼は30歳、私は28歳。年齢的にもそろそろ結婚を考えているのですが、彼のセックスが変態的で、正直引いてしまいます…。<br />
<br />
彼はイク寸前になると、必ず「どこに出してほしい？」と聞いてきます。最初は意味がわからなくて、「え……」と戸惑っていると、「顔に出していい？」といわれました。<br />
<br />
その後も要求は激しくなり、最近は決まって「顔か口」です。私は精液のにおいが苦手なので、いくら好きな人であっても受け入れられません。以前、そのことを彼にも伝えたのですが、「なんで。俺の事好きじゃないの？精液飲むとか普通だよ」と相手にしてもらえませんでした。<br />
<br />
それでもどうしても嫌…と伝えると、今度は「アナルに出したい」という始末。私は普通のセックスがしたいのに、彼の要求がエスカレートしすぎてついていけません。<br />
<br />
私はどんなに彼のことは好きでも、無理なモノは無理です。。皆さんはこういう変態的な男性と付き合った経験はおありですか？<br />
<br />
そのときどんなプレイを受けいれたか、もしくは拒否したか。教えていただけますと参考になります。</p>",published,0,2025-07-01 01:29:19+00,2025-11-24 07:59:41+00,
109357,1008,6,恋人の「浮気防止策」してる？してない？,"<p>恋人の「浮気防止策」してる？してない？<br />
<br />
私の友人で、お互いの位置情報がわかるアプリをいれているカップルがいました。そこまでするのはさすがになーと思うのですが、彼氏の浮気を防止するためにしていることってありますか？<br />
<br />
ちなみに私は日頃から「浮気したらすぐ分かるからね！」と念を押してます。効果があるのかはナゾですが……。</p>",published,0,2025-07-10 02:21:53+00,2025-11-26 04:41:24+00,
112428,1001,2,一人暮らしvs実家暮らし、結婚が遠のくのはどっち？,"<p>ひとり暮らしvs実家暮らし、結婚が遠のくのはどっち？<br />
<br />
ひとり暮らしなら、金銭感覚がしっかりしていて、自立しているイメージがありますよね。<br />
でもひとり暮らしの期間が長くなりすぎると、結婚願望が失われそうですし、<br />
いざ同棲すると人と暮らすことにストレスに感じてしまいそう。<br />
<br />
実家暮らしだと、家事などのマイルールがない分、他人との暮らしにも適応しやすそう。<br />
あと単純に貯金できますよね！<br />
だけど、孤独を感じにくいから、婚活にも本腰を入れにくいのかな…と思ったり。<br />
<br />
どちらにも一長一短あると思いますが、皆さんはどちらのほうがより結婚が遠のくと思いますか？</p>",published,0,2025-11-20 02:21:49+00,2025-01-09 02:59:45+00,
112912,1004,2,奨学金を完済する前に結婚してもよいでしょうか？,"<p>奨学金を完済する前に結婚してもよいでしょうか？<br />
結婚するなら挙式や出産を考えている方は多いと思いますが、お相手が奨学金の返済中で貯蓄もままならない場合、結婚にふみきれますか？</p>",published,0,2025-12-07 17:32:44+00,2025-11-24 07:01:20+00,
83203,1005,14,専業主婦は夫に家事を手伝わせるべきでしょうか？,"<p>家事に協力的な旦那さんをもつ専業主婦の友人が、主婦は大変だとか言っているのでとても違和感あります。</p>
<p>もっと感謝しなきゃいけないと思うんだけど。</p>",published,0,2025-09-11 01:42:11+00,2025-11-14 07:58:42+00,
83234,1004,2,熟年離婚の原因が「性格の不一致」はあり得えますか？,"<p>よく「性格の不一致」で離婚する人がいますが、何年も付き合って結婚したのに性格の不一致ってどういうことですか？<br />
性格わかってて結婚したと思うのですが・・。</p>",published,0,2025-09-13 00:25:43+00,2025-11-24 07:03:15+00,
83574,1004,14,男性が女性と会話する際にベルトを触る理由はどれですか？,<p>女性と会話する際、無意識かもしれませんがベルトに手をあててるのはなぜですか？会社の男性と話す際、この仕草をよくみます。</p>,published,0,2025-09-18 12:55:21+00,2025-11-24 07:03:14+00,
83726,1002,6,友人の奥さんの不倫を友人本人に教えるべきでしょうか？,"<p>友人の奥さんの不倫を友人本人に教えるべきでしょうか？</p>
<p>知らなくていいこともある傷つかないとはいえ、その男友達に会って奥さんののろけ話なんかを聞いてしまうと何だかな・・・という気持ちになります。</p>
<p>バレるのも時間の問題かなというくらい堂々と浮気しているので、その内気づくとは思うのですが。</p>
<p>友達だけどやっぱり他人の家のことと思って本人が気づくまでそっとしておくべきですよね？</p>",published,0,2025-09-21 01:35:47+00,2025-11-24 07:03:13+00,
83737,1005,6,友達が不倫しても、友達関係を続けますか？,<p>友達が不倫しても、友達関係を続けますか？しかもダブル不倫。会うたびに不倫相手の話を聞かされてウンザリしています。</p>,published,0,2025-09-21 13:10:33+00,2025-11-14 07:58:41+00,
83812,1009,7,彼氏が女友だちと二人で食事に行くことを容認しますか？,"<p>年下の彼はすごく優しくて、会えば「可愛い」「素敵」「好きだよ」など言ってくれるんですが、誰にでも優しくて、他の人にも同じような事を言ってるのではないかと疑ってしまいます。<br />
女友達も多くて、未だに女友達と2人で会ったりもしてるみたいで心配です。<br />
皆さんは彼氏が女友達と2人で食事に行く事を容認していますか？</p>",published,0,2025-09-23 01:20:53+00,2025-11-24 07:03:13+00,
84184,1008,1,自分が好きな人と自分を好きになってくれた人、どっちと付き合うのが幸せですか？,"<p>そのままの君が好きだよと言ってくれる人と、この人の好きな人間になろうと思える人、どちらの人と一緒になるのが幸せなのでしょうか。</p>
<p>前者のタイプの人と付き合えば、限りなく自己肯定感は高く、幸せかもしれません。ですが、自分自身何も成長はなく、現状に甘んじてしまいます。</p>
<p><br />
逆に後者のタイプの人と付き合えば、その人に求められる人間になるために、化粧やファッション、ダイエット、料理‥努力をすることで、スキルアップできるかもしれません。</p>
<p>ですが、自己肯定感は低く、自信のなさからネガティブな考えに陥ってしまいます。</p>
<p>どちらのタイプの方と付き合う方が、幸せになれるのでしょうか？</p>
<p></p>",published,0,2025-09-29 16:39:57+00,2025-11-24 07:03:12+00,
84392,1009,7,初デートで相手のどこをチェックしますか？,"初デートで相手のどこをチェックしますか？
1回目のデートをしても2回目のデートに繋がらない。1回目のデートで女性は男性のどこを見ているのでしょうか？",published,0,2025-10-05 12:42:37+00,2025-11-24 07:03:11+00,
84404,1002,14,一度振られた人に二度目のアタックするのはアリですか？,<p>一度振られても諦められずに二度と三度とアタックするのはアリですかナシですか？</p>,published,0,2025-10-06 05:11:41+00,2025-11-24 07:03:11+00,
105758,1007,2,結婚している方は自分の部屋をもっていますか？,<p>今は仕事をしていないのですが、いずれ復職した際のために、私室が欲しいと思っています。東京と地方でも違ってくるかと思いますが。</p>,published,0,2025-05-19 08:48:54+00,2025-11-24 07:02:37+00,
84635,1008,14,元恋人からもらったプレゼントを使い続けますか？,"<p>未練タラタラです(;´∀｀)ｗものに罪はないですよね、使っていてもいいのでしょうか。それとも処分するべきでしょうか？</p>
<p><img src=""https://anke.jp/wp-content/uploads/2019/10/201911_84635-.jpg"" alt="""" class=""alignnone size-full wp-image-102184"" width=""475"" height=""1407"" /></p>",published,0,2025-10-08 21:13:21+00,2025-11-24 07:03:10+00,
101975,1003,12,初めて告白されたのはいつですか？,"<p>まだ１度も告白されたことがありません。<br />
<br />
周りの友達は何度か告白されたことがあるようです。（言ったら悪いですがモテなさそうな人が意外にも…）<br />
<br />
またまた本当に言ったら悪いですが、その友達が告白されるなら私も告白されても良いんじゃないかって思うくらいです。</p>",published,0,2025-01-11 02:29:08+00,2025-11-24 07:03:07+00,
102072,1009,12,初デートで男性からサイゼリヤに誘われたら行きますか？,"<p>告白されて付き合うことになった彼氏に、初デートでサイゼリヤに誘われました。</p>
<p>友達に話したら、絶対軽く見られてるって言われたんですけど、どうなんでしょうか？</p>
<p>ちなみに彼氏は25歳で、勤続3年目の営業職です。<a href=""https://anke.jp/84152.html""></a></p>",published,0,2025-01-15 06:31:23+00,2025-11-24 07:03:06+00,
102378,1001,7,彼に月額いくらお金をかけて欲しいですか？,<p>デート代も含みます。投票とコメントをお待ちしております。</p>,published,0,2025-01-24 07:58:35+00,2025-11-24 07:03:05+00,
102382,1003,2,結婚までの交際期間はどれくらい必要ですか？,"<p>よく交際期間が短いと離婚率が高いと言われたりしますが、皆さんはどれくらいの期間が必要だと思いますか？</p>
<p>投票とコメントをお待ちしております。</p>",published,0,2025-01-24 08:12:16+00,2025-11-24 07:03:05+00,
102670,1005,2,「お見合い結婚」のイメージはどれ？,"<p>言葉の意味は年代によって変わりますね。</p>
<p>お見合い結婚の意味も大きく変わっているような気がします。</p>
<p>解釈が人それぞれ違うのではないでしょうか？</p>
<p>ぜひご意見お聞かせください。</p>",published,0,2025-02-06 01:52:29+00,2025-11-24 07:03:04+00,
104199,1007,2,結婚に前向きになれない原因は何ですか？,"<p>結婚に前向きになれない原因は何ですか？</p>
<p>詳しいコメントもお待ちしております。</p>
<p></p>
<p></p>",published,0,2025-02-17 17:46:34+00,2025-11-24 07:03:04+00,
104086,1003,4,合コンで成功するには何が必要だと思いますか？,"<p>私は一人に相手を絞り込むことだと思っています。時間があまりないから、話す相手はすぐに決めていくのが良いと思います。</p>
<p>結構、可愛さアピールしすぎて、全員の相手に愛嬌をふりまいて空振りしちゃう女性って案外多い気もします。</p>
<p>皆さんはどうですか？リアルなコメント待ってます！</p>
<p></p>",published,0,2025-03-13 05:31:08+00,2025-11-24 07:03:03+00,
100748,1001,16,遠距離恋愛した方に質問ですが、結果はどうなりましたか？,"<p>以下のアンケートに答えて、あなたのエピソードを教えて下さい！</p>
<p>私は東京にいて、夫は鹿児島で2年も遠距離恋愛してました。</p>
<p>全然会えずしびれを切らして、飛行機で鹿児島まで行った際にその日に空港でプロポーズをしてもらえました。</p>",published,0,2025-12-01 08:27:08+00,2025-11-24 07:01:25+00,
104990,1003,14,この男は無理だなと感じる瞬間ありますか？,"<p>この男無理だなと感じる瞬間は？付き合う前でも付き合った後でも構いません。<br />
私は男性の店員さんに横暴な態度をする瞬間がとても無理です。</p>",published,0,2025-05-09 12:22:46+00,2025-11-24 07:03:00+00,
105360,1010,2,結婚相手の理想の学歴は次のうちどれですか？,"<p>私はMARCH卒、彼は高卒です。先日、大学時代の先輩（既婚者）と飲んでいて、私の彼の学歴の話になり、「価値観や子どもの進路にも影響してくるから、学歴は同レベルのほうがいい」と言われて、モヤモヤしています。</p>
<p>結婚相手の学歴ってそんなに重要ですか？　学歴を重視する方、しない方、それぞれの考えをお聞きしたいです。</p>",published,0,2025-05-18 02:33:48+00,2025-11-24 07:02:39+00,
106488,1010,10,恋人や旦那さんとどこで出会いましたか？,"<p>恋人や夫さんとどこで出会いましたか？<br />
<br />
29歳婚活女子です。毎日職場と家の往復でまったく出会いがなく焦っています。<br />
<br />
彼氏がいる方は皆さんどこで出会っていますか？　<br />
出会った場所や付き合うまでの流れなどを教えてください！！</p>",published,0,2025-06-02 06:39:39+00,2025-11-24 07:02:35+00,
107123,1007,2,結婚相手の男性に求める外せない条件は何ですか？,<p>結婚相手の男性に求める外せない条件は何ですか？</p>,published,0,2025-06-11 01:42:31+00,2025-11-29 14:56:08+00,
107196,1007,6,配偶者に不倫・浮気されたらどうしますか？,"<p>配偶者に不倫・浮気されたらどうしますか？</p>
<p>不倫報道が出るたびに思うのですが、不倫されたら自分ならどうする？<br />
離婚を選ぶ人多いのかな？</p>",published,0,2025-06-11 07:12:23+00,2025-11-14 07:58:39+00,
107200,1010,6,実は浮気したことありますっていう人いますか？,"実は浮気したことありますっていう人いますか？<br />
私は過去にしてしまったことがあって、最悪の結末だったのでもう絶対にしません。<br />
バレなければなんてことはなくてやっぱりバレるもの！<br />
",published,0,2025-06-11 07:17:47+00,2025-11-24 07:02:34+00,
107212,1006,2,現在の配偶者と結婚してよかったと思いますか？,"<p>現在の配偶者と結婚してよかったと思いますか？</p>
<p>結婚して幸せ～！！という方が周りにあまりいないのですが、結婚してよかったと思いますか？</p>
<p></p>
<p></p>",published,0,2025-06-11 10:10:10+00,2025-11-24 07:02:33+00,
107216,1005,14,女目線でどのタイプの女の子が第一印象でモテると思いますか？,"<p>男と女の可愛いとかモテそうって結構違いますよね。<br />
女目線でどのタイプの女の子が第一印象でモテると思いますか？</p>",published,0,2025-06-11 11:51:10+00,2025-11-14 07:58:39+00,
107305,1008,14,コロナが完全に収束してない中、男女の飲み会に誘われたら行く？,"<p>コロナが完全に収束してない中、男女の飲み会に誘われたら行く？<br />
都内、人数は6人～10人と想定して下さい。</p>",published,0,2025-06-12 03:00:15+00,2025-11-24 07:02:32+00,
107388,1009,2,恋人と別れた原因はなんでしたか？,"<p>好きで付き合ったはずなのに、いつか別れがきますよね。結婚とかまた別の話ですけど。<br />
恋人と別れた原因はなんでしたか？</p>",published,0,2025-06-12 11:46:20+00,2025-11-24 07:02:32+00,
108737,1003,6,新しい彼と元彼の職場が一緒だったという経験ある？,"<p>新しい彼と元彼の職場がたまたま一緒という地獄を経験した人集まれ！<br />
<br />
わたしの話を聞いてください。<br />
<br />
わたしがお付き合いしていた男性は<br />
海外勤務が多く、ある時ぱったり連絡が途絶えました。<br />
5ヶ月がたったころ、<br />
振られたのだろう、、、と好きだったけど、<br />
気持ちを切り替えなきゃと婚活パーティーにでかけ、<br />
そこで知り合った人とお付き合いしました。<br />
<br />
すると、元彼から連絡があり、今彼と元彼が同じ職場にいることを知りました。職種は違うのに。どうやら写真を見せてという会話になりあれ、彼女が一緒じゃんって話しになったらしい。想像するだけで気まずい。<br />
すると何故か今彼と連絡が取れなくなりました。そして元彼が彼氏ずらをするようになり、ずっと付き合ってたから私が浮気したことで話しがまとまったらしい。<br />
何故か今彼と元彼で話しが勝手について私は話しにすら入れてもらえずに浮気した女ということでまとまっていました。<br />
<br />
そのときのトラウマで、付き合うと一時的に連絡取れなくなっても完全に相手が納得してもらわないとというポリシーを持って付き合うようになりました時間ばっかりかかって結婚はどこえやら。</p>",published,0,2025-07-02 16:35:56+00,2025-11-24 07:02:22+00,
107506,1002,14,学歴も職歴も無い遊び人について、どう思います？,"学歴も職歴も無い遊び人について、どう思います？<br />
中学を卒業した後、進学も就職もせずに親から金をせびって遊び<br />
暮らしてる青年がいます。<br />
彼はハローワークで仕事を探したことも一回もありませんし、<br />
資格を取るための勉強すらしたことがありません。<br />
ただ、ひっかかるのは働く気が全く無いのに、<br />
「オレ、生きていくのに学歴なんて関係ねえと思うわ。<br />
学歴社会なんてもう終わってるんだよ」<br />
と言ったり<br />
「オレ、ペット関係の仕事に興味あるんだよね」とか、<br />
「とび職だったら学歴無くてもできるよ。給料だって良いしさ」<br />
と言ってます。<br />
皆さんはそんな彼に対して、どう思いますか？",published,0,2025-06-16 03:11:05+00,2025-11-24 07:02:31+00,
107569,1006,6,一番利用したことある恋愛相談系掲示板サイトやアプリはなんですか？,"<p>一番利用したことある恋愛相談系掲示板サイトやアプリはなんですか？<br />
<br />
すべて恋愛や不倫などの悩みに関する掲示板サイトやアプリを挙げました。<br />
<br />
どうぞ！</p>",published,0,2025-06-18 02:17:26+00,2025-11-24 07:02:31+00,
108172,1006,6,あなたの周囲で不倫している人はいますか？,"あなたの周囲で不倫している人はいますか？<br />
<br />
鉄板ネタですが、気になるので質問します。",published,0,2025-06-23 17:16:02+00,2025-11-24 07:02:26+00,
108209,1001,14,交際相手にお金を貸したことありますか？,"<p>彼氏に20万円を貸しました。<br />
借用書も書いてくれたのですが少し信頼できていないところもあります...<br />
皆さまはそういう経験ありませんか？</p>",published,0,2025-06-24 04:14:32+00,2025-11-24 07:02:26+00,
108359,1004,6,恋人に浮気された時、どうしましたか？,"<p>2歳年上の彼と交際中の28歳独女です。3カ月前に彼からプロポーズされ、結婚の準備を進めていました。<br />
<br />
ところが先日、ちょっと怪しいなと思う行動があったので、彼のスマホをのぞいてみたら職場の後輩と浮気していたことが発覚。ベッドの中で撮ったふたりのラブラブ写真が残っていて、ショックのあまりその場に崩れ落ちました…。<br />
<br />
彼に問いただすと、「本当に申し訳なかった。（浮気相手の）女性とはしっかり別れるから。もう絶対に浮気なんてしないから、許してほしい」と泣きながら謝罪してきました。<br />
<br />
彼のいうことなので真意はわかりませんが、どうやら浮気相手の女性から言い寄ってきたらしく、お酒に酔った勢いで1度だけホテルに行ってしまったそうなのです…。まだ一度の過ちなのでマシかもしれませんが…。<br />
<br />
それでも、知らない女と彼がベッドの中でいちゃつく写真が目に焼き付いて、頭から離れません。思い出すだけで吐き気がします…。<br />
<br />
もう彼とはお別れすべきでしょうか。それとも許して結婚すべきでしょうか。<br />
<br />
ちなみに彼は大企業勤務、年収1000万を超えてます。性格もよく、結婚相手としては理想なので、浮気の件は目をつぶったほうがいいのか迷っています。<br />
<br />
恋人や夫さんの浮気を許した経験のある方がいらっしゃいましたら、その後どうなったのか、教えていただきたいです。</p>",published,0,2025-06-25 02:46:19+00,2025-11-14 07:58:38+00,
109236,1007,14,彼の誕生日プレゼントはいくらまで出せますか？,"<p>彼氏の誕生日プレゼントは何円まで出せますか？<br />
<br />
私は学生で社会人の彼氏に五万円分のプレゼントを用意しているのですが、周りに貢ぎすぎだと言われます<br />
<br />
皆さんはどうですか？？</p>",published,0,2025-07-09 06:32:54+00,2025-11-24 07:02:20+00,
109240,1001,6,旦那に浮気されないか不安にならないですか？,"夫に浮気されないか不安にならないですか？<br />
まだ新婚なんですが、もう浮気されたらどうしようとか考えてしまいます。<br />
みんなさんどうですか？",published,0,2025-07-09 06:52:36+00,2025-11-24 07:02:20+00,
84152,1004,14,自分の姉の彼を略奪してしまうことは許されますか？,"<p>こんなこと、絶対に誰にも言えない。 姉の彼氏と一線を越えてしまいました。 不快な方はスルーしてください。 私と姉は３つ差で、優しくていつも妹想いの姉が大好きでした。</p>
<p></p>
<p>彼と姉は、学生時代のバイト先で知り合ったそうです。 当時の彼は法科大学院に通っていた学生でした。 今は都内で弁護士をしています。</p>
<p></p>
<p>２人は学生時代から付き合っていて、彼が家にくることもしばしば。 見た目がよく礼儀正しい、その上明るくて話も面白い彼を、両親もとても気に入っていました。</p>
<p></p>
<p>美男美女で、思いやりがあって、優しくて。 誰から見ても、理想的なカップル。 ２人は私をよく遊びに連れて行ってくれました。</p>
<p></p>
<p>ディズニーや海、キャンプ、彼の運転でいろんな場所へ。 私は仲よさそうに話す２人が大好きでした。 いつかお兄ちゃんになってくれる日が来たらいいな、そう思っていたのです。</p>
<p>まさか、私が姉を裏切るなんて、おもってもいませんでした。</p>",published,0,2025-09-27 05:09:03+00,2025-11-24 07:03:12+00,
109090,1003,14,夫婦の会話は1日平均どのぐらい？,"<p>夫婦の会話は1日平均どのぐらい？<br />
<br />
既婚者限定の質問です。意外に口を全くきいていないという意見もあるので気になってアンケートを作りました。</p>",published,0,2025-07-07 23:57:53+00,2025-11-24 07:02:21+00,
109093,1004,14,夫婦喧嘩を誰に相談していますか？,"<p>夫婦喧嘩を誰に相談していますか？<br />
<br />
あまり一人で抱えないほうがよいと思います。</p>",published,0,2025-07-08 00:02:33+00,2025-11-24 07:02:21+00,
109095,1002,2,夫と離婚したいと思ったことがありますか？,"<p>夫と離婚したいと思ったことがありますか？<br />
<br />
女性限定の質問です。長い夫婦生活なのでたまにはあるかもしれません、実際にそう思ったことありますか？</p>",published,0,2025-07-08 00:05:12+00,2025-11-24 07:02:21+00,
109097,1001,2,離婚した理由はなんですか？,"<p>既婚女性に質問です。離婚した理由はなんですか？<br />
<br />
離婚経験者にお尋ねします。離婚原因は何でしたか？</p>",published,0,2025-07-08 00:15:11+00,2025-11-24 07:02:20+00,
109100,1006,14,彼に５万円貸して欲しいって言われたらどうしますか？,"彼氏に５万円貸して欲しいって言われたらどうする？<br />
<br />
普通に会社員として働いていてそれまでそんなこと言ったこともなくて、金額は５万円程度と仮定して下さい。貸す？貸さない？",published,0,2025-07-08 00:40:59+00,2025-11-24 07:02:20+00,
109238,1006,2,付き合ってから何ヶ月でスピード結婚しましたか？,"<p>付き合ってから何か月でスピード結婚しましたか？<br />
<br />
結婚後の夫婦関係とか、離婚された方のエピソードなんかも<br />
コメントで教えていただけると嬉しいです♪</p>",published,0,2025-07-09 06:51:13+00,2025-11-24 07:02:20+00,
109325,1001,14,〇〇系男子ながらどれが一番タイプですか？,"<p>どんな男性がタイプですか？？？</p>
<p>どんな男性がタイプですか？？？<br />
好みの男性のタイプを教えてくださ～い♪</p>
<p>こんな芸能人みたいな人が好きって人がいれば<br />
その人も教えてほしいです♪</p>",published,0,2025-07-10 00:37:38+00,2025-11-24 07:02:17+00,
109679,1002,14,あなたのお付き合いした人数は何人ですか？,"<p>あなたのお付き合いした人数は何人ですか？<br />
<br />
現在の配偶者も含まれます。</p>",published,0,2025-07-16 02:22:17+00,2025-11-24 07:02:17+00,
109693,1009,14,男女カップルの主導権はどれがベスト？,<p>男女カップルの主導権はどれがベスト？</p>,published,0,2025-07-16 02:56:46+00,2025-11-14 07:58:36+00,
109702,1010,14,夫婦の家事負担が現在の状態になった経緯はどれですか？,<p>夫婦の家事負担が現在の状態になった経緯はどれですか？</p>,published,0,2025-07-16 04:32:00+00,2025-11-24 07:02:15+00,
120270,1001,10,夫婦のどちらかが創価学会員で結婚した人で、生活うまくいっていますか？,"夫婦のどちらかが創価学会員で結婚した人で、生活うまくいっていますか？<br />
<br />
私は創価学会３世で、来年、職場で知り合った男性と結婚します。私は熱心な信者でもなく、彼は私のスタンスを理解してくれています。<br />
<br />
うちの母と彼は何度か食事の場でお話しましたが、いつ母が彼を勧誘しないかとても心配です。<br />
<br />
うまくいっている方はその秘訣を教えてください。<br />
<br />
残念ながらうまくいっていない方はその理由や結末まで教えてください。<br />
",published,0,2025-05-19 10:00:48+00,2025-02-26 10:53:18+00,
109705,1005,14,現在の家事負担に満足していますか？,<p>現在の家事負担に満足していますか？</p>,published,0,2025-07-16 04:33:35+00,2025-11-24 07:02:15+00,
109733,1007,14,イケメン男性と普通に話すことできますかか？,<p>イケメン男性と普通に話すことできますか？いつもどおりの自分で普通に話せるかどうかの質問です。</p>,published,0,2025-07-16 12:43:04+00,2025-11-24 07:02:14+00,
109744,1005,6,不倫をしたら、バレる確率は何％だと思いますか？,<p>不倫をしたら、バレる確率は何％だと思いますか？</p>,published,0,2025-07-17 00:34:14+00,2025-11-24 07:02:14+00,
109793,1009,14,無料で恋愛相談するなら、どこのサイトを使いますか？,<p>無料で恋愛相談や悩みを打ち明けるとしたら、どこのインターネットサイトを使いますか？</p>,published,0,2025-07-17 03:39:10+00,2025-11-24 07:02:11+00,
109882,1005,1,「童貞」と「チャラ男」、付き合うならどっちがいい？,"<p>「童貞」と「チャラ男」、付き合うならどっちがいい？<br />
<br />
女心がまったくわかっていない童貞男子。<br />
女の扱いには慣れているけど、女性経験は100人以上のチャラ男。<br />
<br />
2人の男性からアプローチされたらどちらを選びますか？<br />
<br />
私は童貞君かな。<br />
嫉妬深い性格なので、経験人数はゼロでもさほど気にしません。</p>",published,0,2025-07-20 00:32:41+00,2025-11-14 07:58:36+00,
109912,1008,6,浮気で別れた相手と縁するのはありですか？,"<p>浮気で別れた相手と縁するのはありですか？<br />
浮気を常習的にするタイプではないと想定して下さい。</p>",published,0,2025-07-20 12:25:58+00,2025-11-24 07:02:09+00,
109929,1006,14,可愛らしいとカッコいい、どちらの30代女性に憧れますか？,<p>30代以降の自分を想像して、いつまでも可愛らしい女性（イメージ深キョン）とカッコいい女性（イメージ菜々緒さん）どちらに憧れる？</p>,published,0,2025-07-21 01:02:20+00,2025-11-24 07:02:09+00,
110249,1007,14,チーズ牛丼を好んで食べる男性と付き合いたいと思いますか？,"<p>チーズ牛丼を好んで食べる男性と付き合いたいと思いますか？<br />
<br />
Twitterで話題になっているので、アンケートを立ててみました。</p>",published,0,2025-07-31 00:23:33+00,2025-11-24 07:02:08+00,
110276,1004,6,彼が風俗にいくことは浮気に入りますか？,"<p>彼氏がメンズエステに通っていることが発覚しました。<br />
付き合い始めた当初から、キャバクラや風俗には行かないで欲しいと伝えています。<br />
彼が風俗にいくことは浮気に入りますか？</p>",published,0,2025-08-01 05:21:05+00,2025-11-24 07:02:07+00,
110344,1001,14,付き合う相手の血液型は何型がいいですか？,<p>付き合う相手の血液型は何型がいいですか？</p>,published,0,2025-08-06 09:21:13+00,2025-11-24 07:02:07+00,
110346,1008,14,付き合いたくない相手の血液型は何型ですか？,"<p>付き合いたくない相手の血液型は何型ですか？<br />
<br />
その理由も教えてください。</p>",published,0,2025-08-06 09:21:47+00,2025-11-24 07:02:07+00,
110348,1006,2,創価学会員の彼氏または彼女と結婚できますか？,"<p>相手が創価学会員だったら結婚できるかと言う質問です。<br />
10年前の話ですが、私の元彼がそうでした。</p>
<p>私の場合は結局別れてしまいましたが、今でも彼のことを思い出したりします。</p>
<p>あのとき、私の判断は正しかったのか、それとも誤っていたのか。皆さんはどう思いますか？</p>",published,0,2025-08-06 09:32:23+00,2025-11-25 07:25:26+00,
110366,1010,2,周りに美男美女のカップルっていますか？,"<p>周りに美男美女のカップルっていますか？若しくは自分が美男美女カップルだ！と思う方～？<br />
山本美月さんと瀬戸康史さんの結婚報道を見てこんなカップル普通にいないよなー美男美女！と思ったので質問しました。</p>",published,0,2025-08-06 10:56:20+00,2025-11-24 07:02:06+00,
110386,1004,14,恋愛の電話占いを利用したことありますか？,<p>気になるけど、結局高額になっちゃうんじゃないかと不安で使えないんですけど、利用したことある方どうでしたか？</p>,published,0,2025-08-06 13:49:47+00,2025-11-24 07:02:05+00,
110460,1006,3,交際相手から誹謗中傷を受けたら、すぐに別れますか？,"<p>交際相手から誹謗中傷を受けたら、すぐに別れますか？</p>
<p>お前にとって俺はどうでも良い存在だと感じたよ。<br />
元彼とは全然扱いがちがって俺は大事にされてない。<br />
お前はやりマンだし俺の事は都合良く使える男だってことだろ？</p>
<p>と送られてきたら…<br />
必死に「そんな事無いよ。」<br />
と冷静に返しますか？？</p>
<p></p>",published,0,2025-08-08 18:58:17+00,2025-11-24 07:02:02+00,
110476,1003,2,肉食系と草食系、結婚するならどっちがいいですか？,"<p>肉食系と草食系、結婚するならどっちがいいですか？<br />
<br />
<br />
ぐいぐい引っ張ってくれて頼りがいのある肉食男子。<br />
奥手で一途。適度な距離感を保ってくれそうな草食男子。<br />
<br />
それぞれのよさがありますが、もし片方を選ぶとなった場合、<br />
みなさんはどちらのタイプの男性と結婚したいですか。</p>",published,0,2025-08-11 01:39:07+00,2025-11-14 07:58:34+00,
110478,1003,2,結婚したい彼の兄弟構成はどれが理想ですか？,"<p>結婚したい彼の兄弟構成はどれが理想ですか？</p>
<p><br />
いま付き合っている彼は、4人兄弟の長男です。<br />
私が3人兄弟の末っ子なので、相性はいいかなと思います。<br />
逆に、末っ子の彼と付き合っているときはケンカが絶えませんでした。<br />
<br />
兄弟構成って個人の性格に意外と影響しますよね。<br />
みなさんは、次の兄弟構成のうち、どのポジションの彼と結婚したいですか。</p>",published,0,2025-08-11 01:46:42+00,2025-11-14 07:58:34+00,
110480,1007,2,何歳までに結婚したいですか？,"<p>何歳までに結婚したいですか？<br />
<br />
29歳独身女子です。<br />
30歳までに結婚・出産を目標にしてきましたが、<br />
昨年末に彼氏と別れてから、ライフプランが狂ってしまいました…。<br />
その後、コロナで婚活も進展せず、、<br />
<br />
出産のことも考えると、30歳には出会って、32歳までには結婚していたいと思いますが、<br />
人生なかなか想定通りにいかないですね。<br />
<br />
みなさんは何歳ぐらいまでに結婚したいですか。<br />
理由もあわせてお聞かせください。</p>",published,0,2025-08-11 01:52:39+00,2025-11-14 07:58:34+00,
110492,1001,14,生涯独身なら一番頼りになるものは？,"<p>生涯独身なら一番頼りになるものは？</p>
<p></p>
<p>その他の回答はコメントでお答えください。</p>",published,0,2025-08-12 03:27:22+00,2025-11-14 07:58:33+00,
110494,1009,2,「結婚したいけどできない」「結婚できないけどしたい」どっち？,<p>独身限定）「結婚したいけどできない」「結婚できないけどしたい」どっち？</p>,published,0,2025-08-12 03:31:49+00,2025-11-24 07:02:02+00,
110518,1002,14,ギャンブル依存性の彼と三年付き合ってきて、徐々に頻度を落とすことには成功しているが、隠れて何回かギャンブル仲間のお金...,ギャンブル依存性の彼と三年付き合ってきて、徐々に頻度を落とすことには成功しているが、隠れて何回かギャンブル仲間のお金でうちに行ってることが発覚して別れを告げました。でも本当に大好きで今でも忘れられないです。私の判断は正しかったのか、それとも誤っていたのか。皆さんはどう思いますか？,published,0,2025-08-14 08:58:00+00,2025-11-24 07:02:02+00,
110529,1002,2,天理教の彼氏または彼女と結婚できますか？,"<p>大好きな彼氏が天理教信者だったら、あなたは結婚できますか？<br />
私は浅く仏教です。<br />
<br />
ご意見お願いします。</p>",published,0,2025-08-15 01:54:30+00,2025-11-27 09:31:31+00,
110532,1006,2,彼の月収の金額を知っていますか？,"<p>彼氏のお給料の金額を知っていますか？<br />
<br />
交際1年になる彼がいます。私は28歳、彼は31歳です。<br />
このまま順調にお付き合いが続けば、結婚するのかなーと考えています。<br />
そこで気になるのが、彼の年収…。<br />
<br />
結婚するなら相手の稼ぎを知っておきたいと思う反面、<br />
なんとなくお金の話は切り出しにくいと感じてしまいます。<br />
<br />
皆さんは恋人のお給料を知っていますか。<br />
把握している方は、どのようにして知りましたか？<br />
<br />
どういう話の流れで聞いたらいいのか悩んでいるので、<br />
いい方法があればおしえていただきたいです。</p>",published,0,2025-08-17 00:29:40+00,2025-11-14 07:58:33+00,
110622,1006,14,彼氏から束縛されると嬉しいと思ったことありますか？,"彼氏から束縛されると嬉しいと思ったことありますか？<br />
好きだから束縛すると考えればいいですけど、信頼されていないということにもなりますよね？",published,0,2025-08-19 15:04:04+00,2025-11-24 07:02:00+00,
110673,1010,14,彼が私に○○のために今までいくら使ったなど,"彼が私に○○のために今までいくら使ったなど<br />
言ってきます。(プレゼントの総額など。)<br />
<br />
私は言われる度に本当に嫌な気持ちになり泣いてしまいます。<br />
何がしたいのかわかりません。<br />
別れた方がいいのでしょうか。",published,0,2025-08-20 01:57:34+00,2025-11-24 07:01:59+00,
110974,1007,14,デキ婚はありでしょうか？,"<p>デキ婚はありでしょうか？<br />
<br />
最近は受け入れられるような世の中になりつつあるのかなとも思いますが、改めてご質問します。</p>",published,0,2025-08-26 03:00:27+00,2025-11-14 07:58:32+00,
111041,1003,14,彼氏にもう少し太ってほしいと言われたら、太るような生活に変えられますか？,"彼氏にもう少し太ってほしいと言われたら、太るような生活に変えられますか？<br />
女性が思う痩せていると男性が思う痩せているの理想って違いますよね？",published,0,2025-08-26 07:31:42+00,2025-11-24 07:01:52+00,
111057,1010,14,あなたの周りで専業主婦と兼業主婦のどちらが多いですか？,<p>あなたの周りで専業主婦と兼業主婦のどちらが多いですか？</p>,published,0,2025-08-26 09:54:57+00,2025-11-24 07:01:51+00,
111077,1008,14,彼や夫のスマホの中身をのぞいたことありますか？,"<p>彼や夫のスマホの中身をのぞいたことありますか？</p>
<p>また覗いたことがバレしまって相手と口論になったなど、エピソードなど聞かせてください。</p>",published,0,2025-08-26 15:02:51+00,2025-11-14 07:58:31+00,
111086,1010,6,二股以上かけられた経験ありますか？,"<p>二股以上かけられた経験ありますか？<br />
<br />
二股かけられた後、二人の関係はどうなりましたか？詳しく教えてください。</p>",published,0,2025-08-26 15:20:31+00,2025-11-24 07:01:50+00,
111088,1001,14,恋人と初めてのキスした時はいつのタイミングでしたか？,<p>恋人と初めてのキスしたタイミングで多かったのはどれですか？</p>,published,0,2025-08-26 15:24:54+00,2025-11-14 07:58:31+00,
111092,1009,14,男性との交際はたいてい1年以上長続きするほうですか？,"男性との交際はたいてい1年以上長続きするほうですか？<br />
<br />
<br />
",published,0,2025-08-26 15:29:34+00,2025-11-24 07:01:50+00,
111199,1002,14,付き合う男性に一番求める条件は何ですか？,"<p>付き合う男性に一番求める条件は何ですか？<br />
その理由をコメント欄に書いて、教えてくださいね。</p>",published,0,2025-08-31 03:02:22+00,2025-02-23 03:43:11+00,
121085,1001,,5年待ち続けた既婚者との恋、このまま待つべきでしょうか？,"はじめまして。34歳、独身の女性です。

誰にも相談できず、毎日胸が張り裂けそうな思いで過ごしています。どうか、私の話を聞いていただけないでしょうか。

彼（42歳）とは職場の同僚として出会いました。彼は既婚者で、2人のお子さんがいます。プロジェクトで一緒になる機会が増え、彼の仕事に対する情熱や優しさに惹かれていきました。

飲み会で話が盛り上がり、2人きりで会うようになり、関係が始まってからもう5年になります。

最初は軽い気持ちでした。恋愛から遠ざかっていた私にとって、彼の存在は久しぶりに感じる温かさでした。でも、彼と過ごす時間が増えるにつれて、彼が私の人生にとってかけがえのない存在になっていることに気づきました。

彼も「妻とはもう何年も心が通っていない。君と一緒になりたい。必ず別れるから待っていてほしい」と何度も言ってくれました。その言葉を信じて、私は今日まで待ってきました。

でも5年経っても、彼の状況は何も変わりません。「子供が受験だから」「親の体調が悪いから」と、何かと理由をつけて離婚を先延ばしにしているように感じます。

周りの友人たちは次々と結婚し、子供を産んでいます。私の年齢を考えると、子供を産むかどうかの最後の選択を迫られています。

このまま彼を待ち続けて、結婚も子供も諦める人生で本当に後悔しないのか。もし別れるとしたら、同じ職場である彼と、どうすれば円満に関係を終わらせることができるのか。

もう、どうしたらいいのか分かりません。

どうか、皆様のご意見をお聞かせください。どんな厳しいご意見でも構いません。この暗いトンネルから抜け出すための、一筋の光が欲しいのです。",published,0,2026-02-17 00:43:00+00,2026-02-18 04:45:51.239+00,
107348,1001,2,婚活アプリでお付き合いにつながったことはありますか？,"<p>婚活アプリでお付き合いにつながったことはありますか？<br />
<br />
少し前からマッチングアプリで婚活を始めました。これまで数人の男性と実際に会って食事をしましたが、初めてのデートで自宅に誘われたり、食事中に体をべたべたと触られたり……。いわゆるヤリモクの男を引き寄せてしまい、落ち込んでいます。<br />
<br />
今年30歳になるのでそろそろ真剣なお付き合いをできる相手を見つけたいのですが、婚活アプリを使ってる男性ってやっぱり遊んでいる人が多いのでしょうか？　<br />
<br />
マッチングアプリから交際につながった方がいましたら、どういう流れでお付き合いまで至ったのかを教えていただきたいです。</p>",published,0,2025-06-12 05:45:44+00,2025-11-14 07:58:39+00,
111098,1005,4,運命の出会いはあると信じますか？,<p>運命の出会いはあると信じますか？</p>,published,0,2025-08-26 15:33:17+00,2025-11-24 07:01:49+00,
111450,1004,10,彼女とデート中に、職場の後輩の女の人とLINEする男の人はどう思いますか？,"彼女とデート中に、職場の後輩の女の人とLINEする男の人はどう思いますか？<br />
仕事の話＋他愛もないLINEです。",published,0,2025-09-09 12:59:28+00,2025-02-19 14:31:52+00,
111472,1002,14,彼氏が女友達と二人で飲むのはアリですか？,"<p>彼氏が女友達と二人で飲むのはアリですか？<br />
ルールなど決めていますか？</p>",published,0,2025-09-11 07:59:16+00,2025-03-12 02:57:39+00,
111512,1002,7,デートが1回目で終わった経験はありますか？,"<p>デートが1回目で終わった経験はありますか？<br />
<br />
2回目のデートに行きたくなる基準<br />
または次会うことなく終わってしまう理由など<br />
あったら教えてください</p>",published,0,2025-09-14 12:55:20+00,2025-04-26 22:39:23+00,
111586,1008,10,【30歳以上限定】モテなくなったなと感じる年齢は？,"<p>【30歳以上限定】モテなくなったなと感じる年齢は？<br />
<br />
婚活中の31歳女です。<br />
<br />
女性のモテ期はクリスマスケーキ（＝24歳がモテのピーク）と言われることがありますが、皆さんは実感として「昔に比べてモテなくなったな」と感じることはありますか。<br />
<br />
私は既婚者の友人が増えたことで飲み会などに誘われる機会が29歳ぐらいから急に減ったことで、出会いの数も激減しました。<br />
<br />
職場にも後輩が増えてきて、奢ってもらえることもほとんどないですし…。<br />
<br />
同世代以上のご意見をお聞きしたいので、年齢が30歳以上の方にご回答お願いします。</p>",published,0,2025-09-24 02:08:04+00,2025-11-14 07:58:30+00,
102604,1007,2,モラハラ男とは早く別れるべきでしょうか？,"<p>昨日彼と別れました。半同棲して約1年。喧嘩を繰り返し、その度に変わると言われ、何度も許しては裏切られてきました。</p>
<p>普段はとても優しくて素敵な思い出もたくさんあるし、これ程までに私の名前を呼んで、好きだと言ってくれた人はいないというくらい、愛されてると思って許してきたつもりでした。</p>
<p>でもそれは全部彼自身が楽に生きる為に私の機嫌を取っていただけなのかなとも思います…性格はなかなか変わらないものだと分かってます。</p>
<p>でも簡単にキレやすいので、私といたいなら精神科にも行ってと約束したばかりでした。以前はアザができるほど蹴られた事もあります。</p>
<p>さすがに別れようと思ったけど、結局信じて許しました。それから暴力はなくても、私には理解不能な些細な事で機嫌が悪くなり喧嘩は続きました。</p>
<p>先日の喧嘩でとうとう私はこのまま結婚して一生こんな窮屈な生活が続くのかと思うと急に全てが面倒に思えてきて、面倒くさいを連呼しました。</p>
<p>でもそんな面倒な彼でも大好きで、死ぬほど辛いです。</p>
<p>でも、もし、自分の娘がそんな男を連れてきたと想定したら反対すると思います。自分の親も反対すると思います。この思いをどうしたらいいのかわかりません。</p>",published,0,2025-02-03 06:17:47+00,2025-11-24 07:03:05+00,
110675,1006,14,恋人に鼻毛が出ていたら指摘できますか？,"<p>恋人に鼻毛が出ていたら指摘できますか？</p>
<p>他にも食事の後口元や歯に何かついていたりする時も悩みますね。</p>",published,0,2025-08-20 03:32:29+00,2025-11-24 07:01:58+00,
110679,1010,2,同棲や結婚しても自分の部屋は必要ですか？,"<p>同棲や結婚しても自分の部屋は必要ですか？<br />
部屋も欲しいし誰かと一緒に毎日寝なきゃいけないと思うと、何だか嫌だなと思ってしまいます。</p>",published,0,2025-08-20 03:40:45+00,2025-11-24 07:01:58+00,
110697,1001,14,恋愛において尽くす方が好きなタイプ、尽くされる方が好きなタイプ？,"恋愛において尽くす方が好きなタイプ、尽くされる方が好きなタイプ？<br />
",published,0,2025-08-20 09:01:34+00,2025-11-24 07:01:58+00,
111615,1007,1,好きな人を思い出にするにはどうしたらいいでしょうか？,"好きな人を思い出にするにはどうしたらいいでしょうか？<br />
また、思い出にできたらどんな感じですか？",published,0,2025-09-28 11:50:11+00,2025-11-24 07:01:40+00,
112358,1001,2,あなたは結婚願望がありますか？,"独身者限定）あなたは結婚したいですか？<br />
<br />
32歳の女です。<br />
私は昔から結婚願望がありません…。<br />
<br />
結婚すると時間もお金も自由に使えなくなるし、ひとりのほうが気楽だと思います。<br />
みなさんの結婚観を教えてください。",published,0,2025-11-10 02:29:17+00,2025-10-04 22:59:26+00,
112360,1009,2,結婚相手は過去で一番好きな人でしたか？,"<p>結婚相手は過去で一番好きな人でしたか？</p>
<p>「結婚は二番目に好きな人を選んだほうがうまくいく」と話していた既婚の友達がいました。</p>
<p>その友達曰く、「一番好きな人だと頑張りすぎて疲れてしまうし、相手への期待度が高い分、結婚してダメなところがみえると心のダメージも大きい」のだそうです。</p>
<p>わからなくもないけど、やっぱり一番好きだと思える人と結婚するほうが幸せなのでは…とも思います。</p>",published,0,2025-11-10 02:40:05+00,2025-01-24 14:26:54+00,
112491,1010,14,旦那や奥さんに一生うち開けられない秘密はありますか？,<p>旦那や奥さんに一生うち開けられない秘密はありますか？</p>,published,0,2025-11-20 12:42:39+00,2025-11-24 07:01:31+00,
112493,1001,14,恋人に過去の性体験人数を聞かれたら答えますか？,<p>恋人に過去の性体験人数を聞かれたら答えますか？</p>,published,0,2025-11-20 12:47:08+00,2025-11-24 07:01:31+00,
112558,1002,14,旦那は家族のために料理をすることありますか？,"<p>旦那は家族のために料理をすることありますか？</p>
<p>全くしない男性は減ってきていると思いますが。</p>",published,0,2025-11-21 10:48:07+00,2025-11-24 07:01:28+00,
112672,1008,2,結婚式に招待されて行きたくないと思った人はいますか？,"<p>結婚式に招待されて行きたくないと思った人はいますか？<br />
<br />
大学時代のサークル仲間から「結婚式の招待状を送りたいから住所教えて」とLINEがきました。<br />
彼女とは卒業以来、数えるほどしか会っていません。<br />
お互いに住まいが遠方のため、結婚式に出席すると交通費や宿泊費などで、ご祝儀とは別に3万はかかります。<br />
<br />
「仕事の出張があって…」など理由をつけて断ろうかと思うのですが、<br />
同じような経験をされたことがある方はいませんか？</p>",published,0,2025-11-25 03:14:37+00,2025-11-24 07:01:26+00,
112674,1002,7,1円単位で割り勘する彼氏とは別れるべきか？,"<p>私の彼氏はデートで食事に行くと1円単位で割り勘にします。<br />
<br />
私も彼も、学生同士なので、割り勘は普通だと思っていたのですが、<br />
女友達にこの話をすると「ケチ臭くて嫌だ」「器が小さい」とドン引きされ、<br />
最終的には「別れたほうがいいよ！」と説得されました。<br />
<br />
大好きな彼のことを全否定されて、心が揺らいでしまっている自分も嫌です…。<br />
体験談も含め、いろんな方のご意見をお聞きしたいです。</p>",published,0,2025-11-25 03:29:31+00,2025-11-14 07:58:29+00,
113028,1004,10,恋人から不機嫌ハラスメントを受けたことはありますか？,"<p>恋人から「不機嫌ハラスメント」を受けたことはありますか？</p>
<p>フキハラ（不機嫌ハラスメント）とは、家庭内や職場などで特定の相手に不機嫌な態度をとる人のことを指すようです。</p>
<p>ドライブ中に渋滞に巻き込まれると「もう二度と来たくない」と怒ったり、<br />
仕事で疲れているとき話しかけると、あからさまに嫌な顔をしたり…。</p>
<p>私が昔お付き合いをしていた人にもこんな人がいたなーと思い出しました。</p>
<p>今話題のフキハラ。皆さんは恋人や旦那さんからフキハラの被害を受けたことはありますか。</p>",published,0,2025-12-15 01:03:19+00,2025-11-24 07:01:17+00,
113175,1001,14,女性の身長はどこから背が高いと思いますか？,<p>女性の身長はどこから背が高いと思いますか？</p>,published,0,2025-12-18 05:55:57+00,2025-11-24 07:01:05+00,
113341,1008,3,復縁が成功する確率は何％だと思う？,<p>もしかしたら復縁してもいい元カレがいます。そもそも、復縁が成功する確率ってどのくらいなんでしょう？気になりました。</p>,published,0,2025-12-22 07:14:56+00,2025-11-24 07:00:58+00,
113343,1008,3,別れてから復縁するまでの期間はどれくらいがベストだと思いますか？,<p>別れてから復縁するまでの期間はどれくらいがベストだと思いますか？</p>,published,0,2025-12-22 07:19:23+00,2025-11-24 07:00:58+00,
115147,1010,14,かっこいいと思う男性が目の前にいたらどうしますか？,"<p>かっこいいと思う男性が目の前にいたらどうしますか？</p>
<p>女性限定の質問です。<br />
<br />
</p>",published,0,2025-01-22 04:08:47+00,2025-11-24 07:00:40+00,
115216,1001,3,サイコパスの彼氏と付き合ったことありますか？,"サイコパスの彼氏と付き合ったことありますか？<br />
<br />
元カレ、今彼の両方を含みます。<br />
<br />
私は3人前の彼氏です。何も動じなくて冷静でヤバいくらい。",published,0,2025-01-22 13:21:43+00,2025-11-24 07:00:38+00,
116405,1005,14,性格以外でモテる男性はどこが一番すぐれていると思いますか？,<p>性格以外でモテる男性はどこが一番すぐれていると思いますか？</p>,published,0,2025-02-09 06:43:11+00,2025-11-24 07:00:14+00,
116687,1004,14,恋人の外見で幻滅して別れに至った経験はありますか？,"恋人の外見で幻滅して別れに至った経験はありますか？<br />
",published,0,2025-02-15 09:46:28+00,2025-11-24 07:00:10+00,
116694,1006,14,家事におろそかな妻と美容におろそかな妻のどっちを選ぶ？,"究極の2択）家事におろそかな妻と美容におろそかな妻のどっちを選ぶ？<br />
<br />
",published,0,2025-02-15 09:56:08+00,2025-11-24 07:00:10+00,
117188,1003,14,付き合う前と付き合った後で変わったことは次のうちどれですか？,"付き合う前と付き合った後で変わったことは次のうちどれですか？<br />
考え方や思考以外でお答えください。",published,0,2025-02-17 10:32:21+00,2025-11-24 07:00:09+00,
120258,1006,14,「男を見る目」に自信はありますか？,"<p>私は学生の頃から、付き合う男性はとことんダメンズにばかりでした。</p>
<p></p>
<p>好きになると周りがみえなくなり、</p>
<p>相手のダメな部分も「私が変えてあげなきゃ！」と頑張りすぎて空回り。</p>
<p>挙句の果てに相手に「重い」といわれて、フラれる始末……。</p>
<p></p>
<p>自分の男を見る目に自信がないから、ここ数年、新たな恋にも億劫になっています。</p>
<p>男を見る目って、どうやって養えばいいのでしょうか。</p>",published,0,2025-05-19 02:56:30+00,2025-03-08 06:38:39+00,
120260,1009,2,結婚に焦りを感じたことはありますか？,"<p>30歳独身女です。<br />
2か月ほど前に、結婚を意識していた彼から一方的にフラれてしまいました。</p>
<p><br />
理由はよくわからず、音信不通になってしまったため、復縁も見込めません。</p>
<p>3年付き合っていたので、このまま彼と結婚するんだろうなと思っていたこともあり、<br />
突然フラれたショックと、婚活への焦りから情緒不安定になっています。</p>
<p></p>
<p>コロナ禍で仕事もテレワークになりました。</p>
<p>新たな出会いも期待できず、悶々としています。</p>
<p></p>
<p>私と同じように、結婚に焦っている人、焦ったことのある人はいませんか。</p>
<p></p>
<p>この焦りとどう向き合えばいいのか。アドバイスをいただきたいです。</p>",published,0,2025-05-19 02:58:12+00,2025-11-24 06:59:45+00,
6,1006,2,付き合って3年、彼氏からのプロポーズを待つべき？,"<p>付き合って3年になる彼氏がいます。お互いの両親にも会っていて、周りからは「いつ結婚するの？」と聞かれることも増えてきました。</p>

<p>私も彼との結婚を真剣に考えていて、子どもも欲しいので、そろそろプロポーズしてほしいなと思っています。</p>

<p>でも、彼は仕事が忙しいのか、結婚の話を具体的にしてくれません。「いつかはね」とは言ってくれるのですが、その「いつか」がいつなのか分からず、少し焦ってしまいます。</p>

<p>私から結婚の話を切り出すと、プレッシャーに感じさせてしまうでしょうか？<br>
それとも、女性から「結婚したい」と伝えるのはアリだと思いますか？</p>

<p>皆さんは、プロポーズされるまで待ちましたか？それとも、自分から行動しましたか？<br>
彼の気持ちを確かめる、何か良い方法はないでしょうか？</p>",published,0,2026-02-16 03:00:00+00,2026-02-16 12:00:00+00,
5,1005,18,彼氏との夜の相性、どうすれば良くなる？,"<p>付き合って1年になる彼氏がいます。性格も合うし、一緒にいて楽しいし、結婚も考えています。</p>

<p>でも、たった一つ、夜の相性だけが合わない気がして悩んでいます。</p>

<p>彼は淡白というか、あまり前戯に時間をかけてくれず、すぐに終わってしまいます。私はもっとスキンシップを大切にしたいし、雰囲気も大事にしたいタイプなので、いつも少し物足りなさを感じてしまいます。</p>

<p>このまま結婚して、ずっとこのままなのかな…と思うと、少し不安になります。</p>

<p>でも、こんなこと、彼にどうやって伝えたらいいのか分かりません。プライドを傷つけてしまいそうで、なかなか言い出せずにいます。</p>

<p>皆さんは、パートナーと夜の相性について話し合ったこと、ありますか？<br>
どうやって伝えたら、相手を傷つけずに、うまく改善できるでしょうか？</p>",published,0,2026-02-15 18:00:00+00,2026-02-16 12:00:00+00,2026-02-17 10:58:00+00
3,1002,12,3回目のデート、どこに行くべき？告白を期待してもいい？,"<p>マッチングアプリで知り合った彼と、今週末に3回目のデートをします。</p>

<p>1回目はカフェでお茶、2回目は映画とディナーに行きました。どちらもすごく楽しくて、彼もたくさん話してくれるし、私の話も笑顔で聞いてくれます。LINEの返信もマメで、いい感じなのかな？と期待しています。</p>

<p>次が3回目のデートなので、そろそろ告白されるんじゃないかとドキドキしています。</p>

<p>そこで相談なのですが、3回目のデートはどこに行くのがおすすめですか？<br>
あまり気合が入りすぎている感じは出したくないけど、ロマンチックな雰囲気も少しは欲しいです。水族館とか、夜景の綺麗なレストランとか…？</p>

<p>また、3回目のデートで告白がなかったら、脈なしと考えた方がいいのでしょうか？</p>

<p>皆さんの「勝負デート」の場所や、告白のタイミングについて教えてください！</p>",published,0,2026-02-16 03:00:00+00,2025-02-16 12:00:00+00,
1,1002,10,職場の先輩へのアプローチ、どうすれば？,"<p>同じ部署の3歳年上の先輩のことが好きで、もう半年くらい片思いしています。</p>

<p>先輩は仕事ができて、誰にでも優しくて、いつも周りをよく見ています。私が残業で困っていると、さりげなく手伝ってくれたり、「無理しないでね」と声をかけてくれたり、その度にどんどん好きになってしまいました。</p>

<p>でも、先輩はモテるみたいで、いつも周りに人がいるし、私なんて相手にされていないんじゃないかって不安になります。それに、もし告白して気まずくなったら、仕事にも影響が出るんじゃないかと思うと、何も行動できません。</p>

<p>二人きりになれるチャンスもなかなかないし、どうやって距離を縮めたらいいのか分かりません。</p>

<p>皆さんは、職場の好きな人にどうやってアプローチしましたか？<br>
ささいなことでもいいので、アドバイスをいただけると嬉しいです。</p>",published,0,2026-02-16 03:00:00+00,2026-02-16 12:00:00+00,2026-02-23 12:00:00+00
4,1006,3,彼氏の「元カノの影」が気になってしまいます,"<p>付き合って半年の彼氏がいます。優しくて、私のことを大切にしてくれる、本当に素敵な人です。</p>

<p>でも、一つだけどうしても気になってしまうことがあります。それは、彼が前の彼女とすごく仲が良かったことです。</p>

<p>彼のSNSを遡ると、2年前に別れた元カノとの楽しそうな写真がたくさん出てきます。共通の友達も多いみたいで、今でもたまにグループで会っているようです。</p>

<p>彼は「もう何もないし、友達としか思ってない」と言ってくれるのですが、私はどうしても不安になってしまいます。元カノの方が美人で、スタイルも良くて、私なんて比べ物にならないんじゃないかって…。</p>

<p>彼を信じたい気持ちと、嫉妬してしまう気持ちで、自分でもどうしたらいいか分かりません。<br>
こんなことで悩むなんて、心が狭いですよね…？</p>

<p>皆さんは、恋人の過去の恋愛、気になりますか？どうやって乗り越えましたか？</p>",published,0,2026-02-15 09:00:00+00,2026-02-16 12:00:00+00,
7,1008,2,マリッジブルー？結婚式の準備で彼と喧嘩ばかり…,"<p>半年後に結婚式を控えているのですが、最近、彼と喧嘩ばかりで、本当にこのまま結婚していいのか分からなくなってきました。</p>

<p>結婚式の準備は、ほとんど私が一人で進めています。彼は「詩織の好きにしていいよ」と言ってくれるのですが、それはつまり、何も手伝ってくれないということです。</p>

<p>招待客のリストアップ、ドレス選び、会場との打ち合わせ…全部私一人で決めて、彼に報告するだけ。意見を求めても「どっちでもいいんじゃない？」と興味がなさそうな返事ばかりで、だんだん腹が立ってきました。</p>

<p>先日、ついに「少しは協力してよ！」と怒ってしまったら、「俺は仕事で疲れてるんだ！」と逆ギレされて、大喧嘩になりました。</p>

<p>あんなに楽しみにしていた結婚式なのに、今はもう、何もかもが面倒に感じてしまいます。<br>
これがマリッジブルーというものなのでしょうか？</p>

<p>皆さんは、結婚式の準備でパートナーと揉めたりしましたか？どうやって乗り越えましたか？</p>",published,0,2026-02-16 03:00:00+00,2026-02-16 12:00:00+00,
104788,1004,18,結婚前提のお付き合いを始めたら、「体の関係」はいつがベストですか？　,"<p>その理由も教えてください。</p>
<p>結婚相談所で出会った同い年の彼と交際中です。お互いに結婚を意識していて、夏にはお互いの両親に会う約束をしています。<br />
<br />
これまで何度かデートをしましたが、まだ体の関係はありません。結婚には体の相性も大切といわれていますが、彼からお誘いがない場合、私から誘っていいのでしょうか。</p>
<p>真剣交際をしたのは初めてなので、体の関係は持ってもいいのかどうかわからず、迷っています。</p>",published,0,2025-05-07 04:07:09+00,2025-11-24 07:03:02+00,
82384,1001,2,借金していることを交際相手に伝えるべきでしょうか？,"<p>借金していることを交際相手に伝えるべきでしょうか？</p>
<p>私には誰にも話していない秘密があります。無計画に結婚し、そして離婚し、シングルマザーになり、生活していくためにキャッシングやリボ払いをしてしまい借金があります。<br />
現在、お付き合いしている彼に、結婚したいと言われていますが、借金の事を怖くて話せません。もちろん、自分でしてしまった事なのでこれからも誰にも迷惑をかけることはせず自分で返済していくつもりです。しかし、妊娠したりすれば更にお金は必要になってくるしこれからが不安です。</p>
<p>彼と結婚したいですが、後ろめたさがあって言えません。話したところで受け入れてもらえるかも不安です。<br />
結婚するなら全部話すべきなんでしょうか・・</p>",published,0,2025-08-16 09:24:42+00,2025-11-24 07:03:16+00,
98595,1002,3,DVの元彼との思い出は捨てるべきでしょうか？,"<p>聞いてほしい……イケメンだけどDV彼氏と一緒にいた日々のこと<br />
<br />
もう過去の話ですが、書き捨てしていきます。<br />
<br />
私には、見た目がイケメンだけど性格が残念なDV彼氏がいました。<br />
<br />
乱暴な描写とかも出てくると思うので、そういうのが苦手な人は見ない方がいいかもしれません。<br />
<br />
彼、はじめは優しかったんですけど……<br />
付き合っていくうちに、だんだん言葉が暴力的になって、最終的には私に手を上げるようになってきてしまったんです。<br />
<br />
もう別れちゃいましたけど。<br />
<br />
誰にも話せる話題じゃないので、ここで吐き出させてください。<br />
<br />
特定されるのも怖いので、いろいろ詳しいことはぼかして書きます。<br />
<br />
当時、私はまだ20代前半のフリーターでした。<br />
<br />
専門学生やってたんですけど、就活が上手くいかなくて。<br />
<br />
で、結局フリータ―になったって感じですね。</p>",published,0,2025-11-19 13:10:42+00,2025-11-24 07:03:10+00,
107025,1009,10,マッチングアプリで出会った人と何人まで同時進行していい？,"<p>マッチングアプリで出会った人と何人まで同時進行していい？<br />
<br />
29歳独女です。職場でまったく出会いがないので、最近マッチングアプリを使って婚活を始めました。<br />
<br />
たくさんメッセージがくるので、常に10人ぐらいの方とやり取りをしています。コロナが落ち着いてきたため、今月は3人の男性と会う約束をしているのですが、同時進行って普通ですか？<br />
<br />
年齢的にもなるべく短期間でいろんな男性をみながら、良いお相手を探したいのですが…。<br />
<br />
マッチングアプリを使ってる女性の方にお聞きしたいのですが、同時進行で何人ぐらいの方とやり取りしていますか？<br />
<br />
同時進行をするメリットやデメリット、注意点。一人に絞り込むまでの流れなど、アドバイスをいただきたいです。</p>",published,0,2025-06-08 02:42:23+00,2025-11-24 07:02:34+00,
110542,1002,14,交際する(男女が付き合う)とは、相手の人生の時間をもらうということ。,"交際する(男女が付き合う)とは、相手の人生の時間をもらうということ。<br />
反対にいえば、自分の人生にいてほしい人(いてほしいと願う相手)ということでしょうか？<br />
ちょっと重苦しい話かもしれませんが…<br />
<br />
<br />
この人と付き合おう。と思う相手って、<br />
他の異性とは一枚ちがう相手なわけで<br />
魅力的、誰にも取られたくない、自分(だけ)のものにしたい、<br />
離したくないなと思うから付き合うのですよね？<br />
そもそも、付き合おうとしないのは<br />
特段大切ではないし、居ても居なくても変わらない…<br />
別にどうでもいい存在というわけですよね？<br />
<br />
<br />
付き合う異性、付き合わない異性のちがい<br />
こんなものですよね？？",published,0,2025-08-17 16:29:34+00,2025-11-24 07:02:01+00,
82902,1006,2,ネットの出会いで結婚するのはアリですか？,<p>ネットの出会いで結婚するのはアリですか？ 会ったことはあるし、そばに居たいからって引っ越して来てくれたから信じたいけど…</p>,published,0,2025-12-01 01:37:49+00,2025-11-24 07:01:25+00,
113282,1005,14,恋人に「下の毛剃ってほしい」と言われたことはありますか？,"恋人に「下の毛剃ってほしい」と言われたことはありますか？<br />
<br />
私は２４歳。彼は２９歳です。<br />
この前、彼がエッチのあとに「下の毛ってないほうがかわいいよね」といってきました。<br />
さらに「今度エッチする前に剃らせてね」といわれ、戸惑っています…。<br />
<br />
私はあまり毛が濃いほうでないので、普段手入れはしてません。<br />
そもそも、下の毛って全部剃る人いるんでしょうか。<br />
友達と温泉とかいくとき、つるつるだと恥ずかしくないですか？？<br />
<br />
彼氏や旦那さんから「アンダーヘアを手入れして」と要望されたことのある方いたら、<br />
どのように対応したか、教えてください。。本気で悩んでいます……。<br />
<br />
",published,0,2025-12-21 03:07:29+00,2025-11-24 07:01:04+00,
83560,1003,6,既婚女性が不倫することは普通のことでしょうか？,<p>既婚女性が彼氏を作るって割と普通のことなんでしょうか？前の職場は結婚しても彼氏を作り、まぁ不倫ですよね。そんなことをしている子が何人もいて、最近友達にもそういう子がでてきました。もしかしたら、男性の浮気より女性の浮気率の方が高いのかなって。 でも、バレないように必死に口実を考えている姿を見ていると、そこまでして？と思ってしまいます。</p>,published,0,2025-09-18 06:12:56+00,2025-11-14 07:58:41+00,
107571,1008,2,恋人とマッチングアプリで出会ったことを親に言ったことある？,"<p>恋人とマッチングアプリで出会ったことを親に言ったことある？<br />
<br />
婚活アプリで出会った彼（33歳）と交際中の29歳独女です。もうすぐ交際して2年、お互いに年齢的にもそろそろ結婚かな？という話が出ています。<br />
<br />
彼との結婚はとてもうれしいのですが、私はまだ親に彼の存在を話しています。というのも、私の親はすごく頭が固くて…。馴れ初めを聞かれたときにどう答えればいいのか分からないからです。<br />
<br />
嘘をつくのもいずれバレてしまいそうですし、、話すタイミングがなくここまできてしまいした。<br />
<br />
ネットや婚活アプリ等で出会って結婚された方にお聞きしたいのですが、お互いのご両親にはふたりの馴れ初めをどんなふうに説明していますか？　<br />
<br />
素直にお伝えした方は、両親の反応はどうでしたか。本当のことを伝えていないという方は、どこで出会ったことにしているのか？などお聞きしたいです。</p>",published,0,2025-06-18 02:19:03+00,2025-11-24 07:02:30+00,
119050,1008,14,忘れられないってことはまだ好きってことでしょうか？,"忘れられないってことはまだ好きってことでしょうか？<br />
もう好きって感じじゃなくなったなーと思うんですが、そう思う時点でその人のことを考えていて生活の中で思い出すこともあります。(頻度は時によって違いますが)思い出してもう好きじゃないと思っていても考えているうちにあれ？好きなのか？というふうになることもあり自分の気持ちがわかりません。<br />
忘れられていないとは思うのですが忘れられない＝まだ好きなのか好きじゃなくなっても忘れられないこともあるのかよくわかりません。私はまだ彼が好きなのでしょうか？",published,0,2025-02-21 14:36:54+00,2025-11-24 07:00:08+00,
116290,1009,4,彼のSwitchの名前、知ってる名前と違う,"彼のSwitchの名前、知ってる名前と違う<br />
<br />
付き合って7ヶ月、マッチングアプリで出会った方とお付き合いしています。<br />
<br />
タイトルにもあるように、私は彼のSwitchを借りています。<br />
そしてどう森をやりまくっています。<br />
<br />
ふと、どう森の小技であろう“時間操作”となるものをやってみたくなり、Switchの“本体”を開きました。<br />
<br />
そしたら、“本体のニックネーム”として表示されている名前が〇〇のswitchだったのですが、その〇〇が聞いている名前と違うのです…<br />
<br />
これは私、偽名を使われているのでしょうか…？<br />
それとも初期設定の問題なのでしょうか…？<br />
まさかSwitchが中古の可能性が……？<br />
<br />
これは彼に問いただした方がいいでしょうか？<br />
それとも何事もなく、彼と付き合っていけばいいでしょうか？<br />
",published,0,2025-02-04 17:04:35+00,2025-11-24 07:00:15+00,
109246,1006,14,男性の筋肉、好きな部分は？,"<p>男性の筋肉、好きな部分は？<br />
<br />
男性の筋肉で、ここが好きって部分あれば教えてください♪</p>",published,0,2025-07-09 07:06:10+00,2025-11-24 07:02:19+00,
111112,1002,14,彼氏から別れ話を切り出された経験がありますか？,"彼氏から別れ話を切り出された経験がありますか？<br />
<br />
その時にどんな話をしたかも詳しくコメントしてください。",published,0,2025-08-26 15:46:40+00,2025-02-24 20:43:59+00,
102365,1004,14,ナンパをされたらどう思いますか？,<p>投票とコメントをお待ちしております。</p>,published,0,2025-01-24 07:23:15+00,2025-11-24 07:03:06+00,
106393,1006,2,結婚するとしたらどっちの男性が良いですか？,"<p>二択アンケートです！結婚するとしたらどっちの男性が良いですか？</p>
<p>ルックスと性格はどっちもそんなに問題は無いと仮定してください</p>",published,0,2025-05-30 01:34:10+00,2025-11-24 07:02:35+00,
111106,1001,14,あなたは恋愛体質だと思いますか？,<p>あなたは恋愛体質だと思いますか？</p>,published,0,2025-08-26 15:40:58+00,2025-11-24 07:01:49+00,
113508,1008,2,既婚者限定）プロポーズの予感ありましたか？,プロポーズの予感ありましたか？,published,0,2025-12-23 07:11:09+00,2025-11-24 07:00:56+00,
114104,1002,2,そろそろ結婚して幸せになってほしい女性芸能人は誰ですか？,<p>そろそろ結婚して幸せになってほしい女性芸能人　　</p>,published,0,2025-01-14 00:56:17+00,2025-11-24 07:00:47+00,
111045,1001,14,恋人がメンタル系の薬を服用していたらやめて欲しいですか？,<p>恋人がメンタル系の薬を服用していたらやめて欲しいですか？</p>,published,0,2025-08-26 08:07:10+00,2025-11-24 07:01:52+00,
83588,1010,14,恋人からガッカリしたプレゼントをもらった経験ありますか？,<p>こんなプレゼント正直いらないっていうものを恋人に貰ったことありますか？ 気持ちは嬉しいけど…ってこと 自分以外にも経験あるのか気になります。 サプライズとかどうでもいいから事前に欲しいものを聞いて欲しいというのが本音だったりする方はいませんか？</p>,published,0,2025-09-19 01:55:15+00,2025-11-26 04:35:12+00,
82876,1009,14,何歳年の差まで付き合った経験がありますか？,"<p>何歳年の差まで付き合った経験がありますか？<br />
<br />
私は10歳上の人と付き合ったことがありますが、<br />
会話が噛み合わないことがありました。<br />
<br />
<br />
</p>",published,0,2025-09-07 09:49:25+00,2025-11-24 07:03:15+00,
108615,1002,14,相性が合わない男性の出身都道府県はどこですか？,"<p>相性が合わない男性の出身都道府県はどこですか？<br />
<br />
<br />
私は東京出身ですが、今の彼氏は兵庫県出身で東京で働いています。<br />
<br />
キホン陽気な性格ですが、こてこての関西風なノリでもないので相性が合うのではないかと思います。<br />
<br />
逆に苦手な男性の出身地がどこなの気になってアンケートを立てました！</p>",published,0,2025-07-02 01:14:53+00,2025-11-26 04:35:53+00,
107860,1006,14,好きな男性を略奪されたことありますか？,<p>好きな男性を略奪されたことありますか？付き合っていた彼氏また意中の男性を他の女性に略奪されたことないでしょうか。</p>,published,0,2025-06-22 08:24:31+00,2025-11-24 07:02:28+00,
109683,1003,14,男女の友情は成り立つと思いますか？,<p>男女の友情は成り立つと思いますか？</p>,published,0,2025-07-16 02:43:57+00,2025-11-24 07:02:16+00,
84350,1003,14,同棲している彼が朝帰りしたら理由を聞きますか？,<p>彼氏と同棲しているのですが、軽い気持ちで彼に「待ったことないからわからんのかもしれへんけど、帰りが遅かったり朝帰りされたりしたら、寂しいときもあるんやで」と伝えてみたんです。すると彼は「普通待たんくない？僕、姉ちゃんの帰りとか待たんし、それと一緒やん。自分の普通を押し付けんといて。」と言われました。</p>,published,0,2025-10-03 14:24:28+00,2025-11-24 07:03:11+00,
102357,1010,7,年下の男性とデートの支払いはどうしますか？,"<p>年下の男性とデートの支払いはどうしますか？</p>
<p>投票とコメントをお待ちしております。</p>",published,0,2025-01-24 07:09:00+00,2025-11-24 07:03:06+00,
105351,1008,18,SEXの相性がいい人ってどんな人？,"<p>結婚するとき、セックスの相性は大事といわれますが、私には大学時代から交際している彼がいて、セックスの経験も彼ひとりだけです。<br />
<br />
このままいけば、そのうち結婚するのかなと思っています。とくに彼に不満があるわけではありませんが、ひとりの男しか知らずに結婚してもいいのかなと悩んでいます。</p>",published,0,2025-05-18 02:25:27+00,2025-11-24 07:59:42+00,
110723,1010,7,デートで漫画喫茶に行くのはありだと思いますか？,"<p>デートで漫画喫茶に行くのはありだと思いますか？<br />
<br />
カラオケはついてないものとします</p>",published,0,2025-08-20 13:37:52+00,2025-11-24 07:01:57+00,
111624,1009,14,貧乳の美人と巨乳の普通顔、どっちがタイプ？,"<p>貧乳の美人と巨乳の普通顔、どっちがタイプ？<br />
<br />
どっちがモテる？<br />
<br />
写真は巨乳普通顔。</p>",published,0,2025-09-30 00:10:09+00,2025-11-26 04:31:45+00,
112910,1001,2,将来、自分の結婚相手をAIが見つけてくれると思いますか？,"将来、自分の結婚相手をAIが見つけてくれると思いますか？<br />
<br />
AIが白馬の王子を探してくれる日が来るかも、、、",published,0,2025-12-07 14:09:48+00,2025-11-24 07:01:20+00,
121084,1007,14,旦那に浮気未遂をされたが男なら仕方ない？,"旦那に浮気未遂をされたが男なら仕方ない？<br />
旦那が裏垢女子(裸や際どい自撮りをアップする投げ銭や承認欲求の強い女性のアカウント)を自身の裏垢でフォローしていました。<br />
お互い処女童貞でお付き合いをして結婚をして、誠実対等な関係で過ごしていたと思います。<br />
旦那の趣味などのための裏垢、嫁と喧嘩した際に裏垢女子を見たりしただけでやり取りや金銭関係などは無いそうです。<br />
<br />
既婚者が嫁以外の一般女性の裸を見て良いものなのでしょうか？※芸能人(モデルの写真集やAVを除く)やキャラクターイラストなどは一緒に見たりしています<br />
嫁を傷付ける軽率な行動なのでは？<br />
<br />
許してあげれない私の器が小さいのか<br />
軽率な行動をした旦那が悪いのか分からないので<br />
参考にしたいです。",published,0,2025-08-04 05:57:00+00,2025-05-15 05:09:36+00,
110599,1004,2,結婚したら専業主婦になりたいですか？,"結婚したら専業主婦になりたいですか？<br />
収入面で安定と普通の暮らしは全然できるレベルの方と結婚できたことを前提に考えて下さい。",published,0,2025-08-19 14:34:29+00,2025-11-24 07:02:01+00,
110407,1006,2,バツイチの男性は恋愛対象になりますか？,"<p>バツイチの男性は恋愛対象になりますか？<br />
最近離婚も珍しいことではないし、バツがあるからってワケありってこともないのかな？</p>",published,0,2025-08-06 23:00:18+00,2025-11-26 04:37:55+00,
86519,1005,14,彼氏の言う「忙しい」を信じられますか？,"<p>彼氏の言う「忙しい」を信じられますか？</p>
<p>付き合って3年になる彼氏に、急にLINE未読無視されてます。<br />
<br />
もともと私も彼もLINE大好き！ってタイプではなく、連絡頻度は高くなかったのですが、1日5通ぐらいはしてました。<br />
最近ではLINEをしない日もあり、今は、私が一昨日の夜送ったLINEが未読のままです。<br />
今まで既読無視はあったけど未読無視が初めてなのでどう思ってるのか気になります。<br />
<br />
仕事も忙しい人なので、とりあえず返信くるまでは催促などせずに待とうと思っています。<br />
何かアドバイスもらえたらうれしいです！</p>",published,0,2025-11-07 00:10:23+00,2025-11-24 08:01:55+00,
100211,1007,14,27歳でまともに付き合ったことがない人は異常ですか？,"<p>今年27歳ですが、まともに付き合ったことがありません。</p>
<p>男性と関わらないこともないし、ご飯にも行ったりはしますが次また会いたいなと思う人もそんなにいません。好きになることもそんなになくて自他ともに認める面食いです。自分からアピールをすることも苦手です。</p>",published,0,2025-12-02 09:09:06+00,2025-11-24 08:01:50+00,
100233,1010,6,浮気を疑う彼とはすぐに別れるべきでしょうか？,"<p>疑う彼。私が浮気をしていると思っています。</p>
<p>私は怪しい行動をとっているつもりはありませんが、色々と怪しいと言われます。</p>
<p>お互い一人暮らしで、50分くらい離れています。ある日、私が仕事から帰って肉うどんを作ろうと思い、冷凍していた肉を解凍して焼いていました。</p>
<p>しかし、解凍が不十分で、パチパチ音がなってしまっている所に彼から電話がありました。慌てながら電話に出て話していましたが、長引きそうだったので、一度電話を切ってフライパンの火を止めに行きました。</p>
<p>その行動が怪しいらしいです。理由を説明しても、全く信用していません。</p>
<p>疲れてしまいます</p>
<p></p>
<p></p>",published,0,2025-12-02 12:39:11+00,2025-11-24 08:01:39+00,
110962,1003,14,夢を追いかけている男性は恋愛対象になりますか？,"<p>夢を追いかけている男性は恋愛対象になりますか？<br />
<br />
具体的には俳優やミュージシャンなどの大きな夢を持っている男性のことを指しています。</p>",published,0,2025-08-26 02:16:56+00,2025-11-26 04:37:12+00,
112337,1005,14,坊主頭の男性は恋愛対象になりますか？,"<p>坊主頭の男性は恋愛対象になりますか？</p>
<p>女性に質問です。坊主頭の男性は恋愛対象になりますか？好きになれますか？<br />
また、仕事仲間として好きになれますか？それとも引きますか？</p>",published,0,2025-11-07 23:22:59+00,2025-11-26 04:37:58+00,
119721,1010,10,同性から告白されたことはありますか？,"同性から告白されたことはありますか？<br />
<br />
27歳女です。先日、職場で仲良くしている後輩（女）から「好き」と言われました。彼女とはプライベートでも仲が良く、以前から休日にふたりででかけたりする仲だったのですが、正直私は彼女を恋愛対象としてみたことがなく、同性にそういった感情を抱いた経験もありません。<br />
<br />
告白されたとき、私は驚いてしまって何も言えずにいると、彼女から「ただ気持ちを伝えたかっただけだから、これ以上の関係になりたいとかは望んでいない」とも言われました。<br />
<br />
同性同士の恋愛に偏見を持っているつもりはありませんが、今は少し気が滅入るというか、この先、彼女とどう付き合っていけばいいのか悩んでいます。同じような経験をされた方いませんか。

【追記】2026年2月17日 17:34
これは締め切りします。",published,0,2025-03-30 00:24:07+00,2025-02-17 08:34:43.425+00,
110959,1001,14,タンクトップを着ている男性は恋愛対象になりますか？,"タンクトップを着ている男性は恋愛対象になりますか？<br />
<br />
<br />
ankeで面白いトピがあったので、恋愛対象になるのかアンケートをとってみたいと思いました。",published,0,2025-08-26 02:12:44+00,2025-11-26 04:38:30+00,
111723,1008,14,相手に尽くすのと尽くされるのどちらが好きですか？,"<p>相手に尽くすのと尽くされるのどちらが好きですか？<br />
<br />
</p>",published,0,2025-10-08 12:09:48+00,2025-11-24 07:01:39+00,
109691,1010,7,デートで使いたい飲食店のジャンルは何ですか？,<p>デートで使いたい飲食店のジャンルは何ですか？</p>,published,0,2025-07-16 02:53:43+00,2025-11-24 07:02:16+00,
103965,1006,2,交際時に結婚前提の交際で念書を取ったことある？,<p>気になってアンケートを立てました。</p>,published,0,2025-03-05 07:04:27+00,2025-11-24 07:03:04+00,
110172,1005,2,女性からの「逆プロポーズ」ってアリですか？,"<p id=""c1"" class=""article-header__title"">女性からの「逆プロポーズ」ってアリですか？</p>",published,0,2025-07-28 02:54:58+00,2025-11-14 07:58:35+00,
102362,1007,7,お泊りデート、付き合ってどのぐらい経ってから？,<p>投票とコメントをお待ちしております。</p>,published,0,2025-01-24 07:13:35+00,2025-11-14 07:58:40+00,
110474,1003,14,彼に住んでほしい「東京23区」はどこですか？,"<p>彼氏に住んでほしい「東京23区」はどこですか？<br />
<br />
東京近郊に在住の方は、彼氏が住んでる場所って気になりませんか。<br />
<br />
友達に「彼氏ってどこに住んでるの？」って聞かれたときに、彼がおしゃれタウンに住んでたら、ちょっと自慢できたりしますよね。<br />
<br />
皆さんは、東京23区内に住む男性と付き合うなら、どこの区に住んでもらいたいですか。</p>",published,0,2025-08-11 01:25:20+00,2025-11-26 04:40:51+00,
110677,1001,7,私服がダサい男性は恋愛対象になりますか？,"<p>私服がダサい男性は恋愛対象になりますか？</p>
<p><br />
例えば、初めてのデートでよれよれ気味のTシャツやとんがった靴とか。</p>",published,0,2025-08-20 03:37:36+00,2025-11-26 04:38:13+00,
107811,1006,2,初婚の方にとって離婚歴ある方は恋愛対象となりますか？,<p>初婚の方にとって離婚歴ある方は恋愛対象となりますか？素朴な疑問です。</p>,published,0,2025-06-21 03:15:12+00,2025-11-26 04:38:23+00,
110430,1005,14,歳の差は何歳までが恋愛対象になりますか？,<p>付き合う相手、年齢差は何歳までが恋愛対象になりますか？</p>,published,0,2025-08-08 02:19:28+00,2025-11-26 04:36:54+00,
109677,1008,2,恋人に求める条件と結婚相手に求める条件は同じだった？,"<p>恋人に求める条件と結婚相手に求める条件は同じだった？<br />
<br />
直観でお答えください。</p>",published,0,2025-07-16 02:19:43+00,2025-11-24 07:02:17+00,
109268,1009,2,婚活中のプライド高い友人にアドバイスする？,<p>婚活をしているプライドが高い友人。アドバイスがあったら言ってねと言われて、周りはみんなもう少し痩せた方がいいかな？と言っているのですが、もしみなさんなら言いますか？</p>,published,0,2025-07-09 08:38:26+00,2025-11-24 07:02:18+00,
101893,1006,14,略奪愛はありですか？,<p>素朴な疑問です。略奪愛はありですか？</p>,published,0,2025-01-08 15:58:27+00,2025-11-24 07:03:07+00,
110415,1009,2,結婚してから何キロ太りましたか？,"<p>結婚してから何キロ太りましたか？結婚して１０年の主婦です。<br />
ガリガリだった夫婦が、年々ぽっちゃりになってきています。夫は１０キロ、私は５キロくらい。</p>",published,0,2025-08-07 06:05:39+00,2025-11-24 07:02:04+00,
105391,1009,6,不倫してる方いますか？,"<p>不倫してる方いますか？<br />
既婚者を好きになってしまいました。<br />
何も発展していない片想いです。<br />
行動を起こす気もありません。<br />
同じような方、また行動を起こした方いますか？</p>",published,0,2025-05-18 08:48:48+00,2025-11-24 07:02:39+00,
81181,1001,6,彼の消防団の旅行中に風俗に行かないでと言うべき？,"<p>付き合っている彼氏が消防団に入っているのですが、今度旅行に行く計画が出ているそうです。</p>
<p>地域性はあるでしょうが、消防団の旅行というと、夜のお店がつきもの。</p>
<p>気持ちよく送り出せず、できれば断ってほしいです。これから結婚するのならできれば退団してほしいくらいです。</p>
<p>一般人との浮気じゃなくお金を払って買うだけの風俗なんて浮気のうちにはいらない！</p>
<p>行く人は行く、行かない人は行かない、人によるから彼を信じるしかない！</p>
<p>など周りは言いますが、キャバクラならともかく風俗はむりですし、物理的に信じる方法もわかりません。 消防団に偏見があるわけではありません。</p>
<p>日頃地域のためにがんばってくれているのも理解しています。</p>
<p>消防団員を彼氏や夫さんにもつ方、また付き合いでの風俗など許せますか？許せる方法、信じる方法はありますか？ご意見聞かせてください。</p>",published,0,2025-04-02 13:22:16+00,2025-11-24 07:03:03+00,
82524,1004,2,彼氏に大学を中退したことを打ち明けるべきでしょうか？,"<p>四年ぶりに彼氏ができました。お付き合いをして一ヶ月程度ですが、彼から結婚を考えていると言われました。私は素直に喜ぶことができません。というのも、結婚願望以前に<br />
家庭の事情で大学を中退したことがとてもコンプレックスで…<br />
まだ彼に打ちあけられていません。このまま彼と一緒にいていいのかな？と不安です。<br />
大学に通信で行くことも考えていますが、早くても大検の資格を取れるのは2年後。<br />
いつカミングアウトすべきなのでしょうか…</p>",published,0,2025-08-25 13:11:56+00,2025-11-24 07:03:16+00,
84123,1007,2,女性からの逆プロポーズのタイミングはいつがベストですか？,<p>付き合ってからどの位のタイミングで結婚を迫るのが良いでしょうか？ 私は今すぐにでも結婚したいですが、彼氏に結婚願望があるかは不明です…</p>,published,0,2025-09-26 21:56:40+00,2025-11-24 07:03:12+00,
102268,1002,2,結婚する前に同棲すべきだと思いますか？,"<p>現在28歳です。彼氏は35歳です。1年半前に付き合いを始めました。</p>
<p>私も彼もお互いに結婚を意識していますが、結婚する前に同棲をすべきでしょうか？</p>
<p>彼が先月転職したので、今月引っ越しする予定です。そのタイミングで「ちょっと同棲してみない？」と突然言われて、私も心の準備ができていなかったので即答できませんでした。</p>
<p>結婚したい二人にとって、同棲はしたほうがいいでしょうか？</p>
<p>同性のメリットとデメリットはたくさんあると思います。</p>
<p>ぜひご意見をお聞かせください。</p>",published,0,2025-01-20 04:35:45+00,2025-11-24 07:03:06+00,
107567,1010,2,マッチングアプリで出会ってどんな結果になりましたか？,"<p>マッチングアプリで出会ってどんな結果になりましたか？<br />
<br />
マッチングアプリ（ペアーズ）を使ってみたら、変な人ばかりでした。「いいな」と思った人と実際に会ってもピンとこなくて、そのまま疎遠になることが多いです。<br />
<br />
周りにマッチングアプリを使っている人がいないので、相談もできないし…。交際がうまくいっている、もしくは結婚した方のエピソードを聞きたいです。<br />
<br />
どんなアプリを使っていたのか、お互いの簡単なプロフィールなど、答えらえる範囲で教えていただきたいです。</p>",published,0,2025-06-18 02:09:38+00,2025-11-14 07:58:38+00,
107721,1005,2,結婚式に全く憧れがないのですが、やっぱり結婚式に憧れをもつ女性って多いのかな？,"結婚式に全く憧れがないのですが、やっぱり結婚式に憧れをもつ女性って多いのかな？<br />
",published,0,2025-06-19 21:55:58+00,2025-11-24 07:02:30+00,
109065,1007,4,彼の鼻毛が出てたら言いますか？,"<p>彼の鼻毛が出てたら言いますか？<br />
マッチングアプリで知り合った方と1年の友人関係を経て、付き合うことになりました。<br />
<br />
相手の方が友人時代からずっっっっっっっと鼻毛が出ているのですが、これは指摘してもいいのでしょうか？<br />
<br />
身だしなみとして自分の顔を見てないのか！と思うし、最初は見るたびに鼻毛出てるな〜程度だったのですが、さすがに恋人関係になると指摘した方がいいのかな〜と考えるわけでして…<br />
<br />
今はCOVID-19の影響で外出する際はマスク着用が推奨されています。なので食事の時とかしか見えないのですが…<br />
<br />
言うべきでしょうか…言わないべきでしょうか…</p>",published,0,2025-07-07 16:46:16+00,2025-11-24 07:02:22+00,
109244,1003,14,男性が香水することはよいと思いますか？,"<p>男性が香水することはよいと思いますか？<br />
<br />
男性が香水をつけることに対して、どう思われますか？<br />
<br />
</p>",published,0,2025-07-09 07:02:08+00,2025-11-24 07:02:19+00,
111110,1005,14,彼氏と別れる時に振るのと振られるのはどちらが多いですか？,"彼氏と別れる時に振るのと振られるのはどちらが多いですか？<br />
",published,0,2025-08-26 15:44:56+00,2025-09-30 22:18:06+00,
119688,1007,18,結婚するまでセックスしないことはありでしょうか？,"<p>私の女友達（26歳）に「結婚するまで純潔を貫く」と公言し、それを実践している子がいます。</p>
<p>彼女はこれまで3人の男性とお付き合いしてきましたが、いずれもセックスが原因で別れているようです。彼氏とお泊まりはするけど、セックスを誘われると「生理だから」などと理由をつけて断わり続け、最終的には言い争いになって私のところに相談にやってきます。</p>
<p>私としては「お泊まりOKしておきながら、なぜセックスしたくないのか、はっきりとした説明もなく、男性に我慢させるのは彼氏が酷なんじゃないか」と思っていますが、そう伝えると「婚前交渉したくない、というと嫌われそうだし、でも結婚が決まるまえに妊娠したら不安」といい、話が進みません……。正直いつも同じ展開なので、彼女の恋バナにはウンザリしてしまいます。</p>
<p>皆さんはこういう女友達、どう思いますか。私は「軽率にセックスしろ」とは思いませんが、セックスも含めて相手を極めることも大事なんじゃないかなと思っています。「結婚するまでセックスしない」という価値観について皆さんのご意見をお聞きしたいです。</p>",published,0,2025-03-28 15:52:00+00,2025-11-24 07:59:38+00,
120340,1007,14,結婚への具体的プランがない恋人に対し、あなたならどうしますか？,"結婚への具体的プランがない恋人に対し、あなたならどうしますか？<br />
<br />
付き合って半年以上経過している彼に将来への思いを聞いたところ、「直近どうしようかとか、正直深く考えてなかった」と…(-_-;) 私達はアラフォーカップルです(-_-;) 私は1年まではまだしばらく様子を見ようと思っているのですが、皆さまは恋人のこんな態度に対し、どうしますか？？",published,0,2025-05-24 06:03:21+00,2025-04-26 10:43:29+00,
120355,1006,2,恋人からDVを受けたことあります。,"<p>恋人からDVを受けたことありますか？</p>
<p>報道によれば、熊田曜子さんが夫からの暴力が原因で離婚したようです。</p>
<p>あなたが付き合っている交際相手から暴力を受けたことはありますか？</p>",published,0,2025-06-01 09:55:33+00,2025-02-25 12:08:40+00,
120441,1006,14,恋人の「過去の恋」、聞く派？聞かない派？,"恋人の「過去の恋」、聞く派？聞かない派？<br />
<br />
今お付き合いをしている彼に「元カノってどんな人だったの？」と聞いたら、<br />
「昔、前の彼女とその話をして、嫉妬されて別れたことあるから話したくない」<br />
といわれました。<br />
<br />
興味本位から軽い気持ちで質問しただけなのですが、<br />
意味深な返しにモヤモヤが止まりません。<br />
<br />
皆さんは恋人の元カノ話って気になりませんか？<br />
聞く派、聞かない派のそれぞれの理由をおしえてください。",published,0,2025-06-16 00:06:00+00,2025-02-10 03:19:40+00,
105047,1002,2,結婚相手に求める「最低ラインの年収」はいくらですか？,<p>結婚相手に求める最低年収をお聞きしたいです。</p>,published,0,2025-05-11 02:33:45+00,2025-11-14 07:58:40+00,
120384,1005,14,男の「チビ・デブ・ハゲ」、結婚相手に妥協できるのはどれ？,"【女性限定】男の「チビ・デブ・ハゲ」、結婚相手に妥協できるのはどれ？<br />
<br />
男性の3大コンプレックスともいわれる「チビ・デブ・ハゲ」。<br />
モテない要素として認識している女性も多いですよね。<br />
<br />
「どれも嫌」というのが本音かと思いますが、<br />
結婚相手として妥協するとしたら、この3つのなかでどれを選びますか。<br />
<br />
同程度の収入、性格と想定して考えてください。<br />
",published,0,2025-06-07 16:03:00+00,2025-03-07 09:04:34+00,
